cost_bps,Sharpe,CAGR,MaxDD,AvgTurnover,TotalCost,AvgGrossExposure,PctInvested
0.0,0.3720635100319339,0.004144356467848276,-0.034190752828331616,0.07577269261099001,0.0,0.03798574988402383,0.04512922465208748
2.0,0.19951945099541432,0.0022237794201980243,-0.0408025028021467,0.07577269261099001,0.038213664383327975,0.03798574988402383,0.04512922465208748
5.0,-0.0579994003671864,-0.000650200736747486,-0.05063535691394072,0.07577269261099001,0.09553416095831994,0.03798574988402383,0.04512922465208748
10.0,-0.4731482629416423,-0.005421865038903406,-0.11988866288606315,0.07577269261099001,0.1910683219166399,0.03798574988402383,0.04512922465208748
20.0,-1.1986331083507966,-0.014896951647244472,-0.26368282049931446,0.07577269261099001,0.3821366438332798,0.03798574988402383,0.04512922465208748
